motif,total_repeats,occurrences,average_length,proportion,reverse_comp,rc_total_repeats,rc_occurrences,average_length,rc_proportion,combined_repeats,combinded_occurences,combined_proportion
CTTG,97,14,6,0.24,AAGC,,,,,97,14,0.24
ATCTG,80,12,6,0.2,AGATC,,,,,80,12,0.2
AATCGG,58,8,7,0.14,ATTCCG,,,,,58,8,0.14
ACTTTAT,54,7,7,0.13,AAAGTAT,,,,,54,7,0.13
AGGT,9,3,3,0.02,ACCT,3,1,3,0.01,12,4,0.03
ATGG,6,2,3,0.01,ATCC,3,1,3,0.01,9,3,0.02
ATGT,9,3,3,0.02,ACAT,,,,,9,3,0.02
CCCG,9,3,3,0.02,CGGG,,,,,9,3,0.02
AAAAC,3,1,3,0.01,GTTTT,,,,,3,1,0.01
AAAC,3,1,3,0.01,GTTT,,,,,3,1,0.01
AACC,3,1,3,0.01,GGTT,,,,,3,1,0.01
AACG,3,1,3,0.01,CGTT,,,,,3,1,0.01
AAGT,3,1,3,0.01,ACTT,,,,,3,1,0.01
AATG,3,1,3,0.01,ATTC,,,,,3,1,0.01
ACGG,6,2,3,0.01,CCGT,,,,,6,2,0.01
AGCC,3,1,3,0.01,CTGG,3,1,3,0.01,6,2,0.01
AGTG,3,1,3,0.01,ACTC,,,,,3,1,0.01
AGTT,3,1,3,0.01,AACT,,,,,3,1,0.01
ATTG,6,2,3,0.01,AATC,,,,,6,2,0.01
ATTT,6,2,3,0.01,AAAT,,,,,6,2,0.01
CCCT,3,1,3,0.01,AGGG,,,,,3,1,0.01
CCTG,3,1,3,0.01,AGGC,,,,,3,1,0.01
CGGT,3,1,3,0.01,ACCG,,,,,3,1,0.01
CGTG,3,1,3,0.01,ACGC,,,,,3,1,0.01
CTGT,3,1,3,0.01,ACAG,,,,,3,1,0.01
CTTT,3,1,3,0.01,AAAG,,,,,3,1,0.01
GGGT,3,1,3,0.01,ACCC,,,,,3,1,0.01
