motif,total_repeats,occurrences,average_length,proportion
CTTG,97,14,6,0.24
ATCTG,80,12,6,0.2
AATCGG,58,8,7,0.14
ACTTTAT,54,7,7,0.13
AGGT,9,3,3,0.02
ATGT,9,3,3,0.02
CCCG,9,3,3,0.02
AAAAC,3,1,3,0.01
AAAC,3,1,3,0.01
AACC,3,1,3,0.01
AACG,3,1,3,0.01
AAGT,3,1,3,0.01
AATG,3,1,3,0.01
ACCT,3,1,3,0.01
ACGG,6,2,3,0.01
AGCC,3,1,3,0.01
AGCT,3,1,3,0.01
AGTG,3,1,3,0.01
AGTT,3,1,3,0.01
ATCC,3,1,3,0.01
ATGG,6,2,3,0.01
ATTG,6,2,3,0.01
ATTT,6,2,3,0.01
CCCT,3,1,3,0.01
CCGG,6,2,3,0.01
CCTG,3,1,3,0.01
CGGT,3,1,3,0.01
CGTG,3,1,3,0.01
CTGG,3,1,3,0.01
CTGT,3,1,3,0.01
CTTT,3,1,3,0.01
GGGT,3,1,3,0.01
