motif,total_repeats,occurrences,average_length,proportion,reverse_comp,rc_total_repeats,rc_occurrences,average_length,rc_proportion,combined_repeats,combinded_occurences,combined_proportion
AAAGGGCATGAGGGT,16596,5236,3,0.3,ACCCTCATGCCCTTT,5042,1602,3,0.09,21638,6838,0.39
AAAGGGTGTAAGGGT,5695,1157,4,0.1,ACACCCTTTACCCTT,1353,290,4,0.02,7048,1447,0.13
AAAT,1428,435,3,0.03,ATTT,1318,404,3,0.02,2746,839,0.05
AAAGGGTGCAAGGGT,2074,490,4,0.04,ACCCTTGCACCCTTT,346,80,4,0.01,2420,570,0.04
AGCG,1330,401,3,0.02,CGCT,674,206,3,0.01,2004,607,0.04
AACCT,684,53,12,0.01,AGGTT,625,51,12,0.01,1309,104,0.02
ACAT,439,133,3,0.01,ATGT,435,135,3,0.01,874,268,0.02
AAAAT,197,63,3,0.0,ATTTT,143,45,3,0.0,340,108,0.01
AAACTAACCC,445,89,5,0.01,AGTTTGGGTT,224,40,5,0.0,669,129,0.01
AAAG,433,137,3,0.01,CTTT,329,103,3,0.01,762,240,0.01
AAAGGGTGCAGGGGT,404,107,3,0.01,ACCCCTGCACCCTTT,57,14,4,0.0,461,121,0.01
AAGAG,579,187,3,0.01,CTCTT,34,10,3,0.0,613,197,0.01
AAGG,364,94,3,0.01,CCTT,185,51,3,0.0,549,145,0.01
AATG,228,35,6,0.0,ATTC,180,36,5,0.0,408,71,0.01
ACGC,346,67,5,0.01,CGTG,176,48,3,0.0,522,115,0.01
AGGG,490,153,3,0.01,CCCT,169,56,3,0.0,659,209,0.01
AGTG,163,34,4,0.0,ACTC,132,22,6,0.0,295,56,0.01
ATCC,159,50,3,0.0,ATGG,141,39,3,0.0,300,89,0.01
CCTG,292,33,8,0.01,AGGC,285,34,8,0.01,577,67,0.01
CGGG,247,80,3,0.0,CCCG,90,30,3,0.0,337,110,0.01
GGGT,235,74,3,0.0,ACCC,93,31,3,0.0,328,105,0.01
GTTT,310,68,4,0.01,AAAC,294,87,3,0.01,604,155,0.01
AAAAAAAAC,3,1,3,0.0,GTTTTTTTT,,,,,3,1,0.0
AAAAAAT,3,1,3,0.0,ATTTTTT,,,,,3,1,0.0
AAAAAATGGT,5,1,5,0.0,ACCATTTTTT,,,,,5,1,0.0
AAAAAC,9,3,3,0.0,GTTTTT,6,2,3,0.0,15,5,0.0
AAAAAGG,3,1,3,0.0,CCTTTTT,,,,,3,1,0.0
AAAAC,32,10,3,0.0,GTTTT,22,7,3,0.0,54,17,0.0
AAAACAGGCCG,3,1,3,0.0,CCTGTTTTCGG,,,,,3,1,0.0
AAAACGC,6,2,3,0.0,CGTTTTG,,,,,6,2,0.0
AAAACGGAT,43,8,5,0.0,ATCCGTTTT,,,,,43,8,0.0
AAAAGG,3,1,3,0.0,CCTTTT,3,1,3,0.0,6,2,0.0
AAAAGGGT,3,1,3,0.0,ACCCTTTT,,,,,3,1,0.0
AAAAGT,3,1,3,0.0,ACTTTT,,,,,3,1,0.0
AAAATAGGTT,3,1,3,0.0,AACCTATTTT,,,,,3,1,0.0
AAAATCG,3,1,3,0.0,ATTTTCG,,,,,3,1,0.0
AAAATTTG,3,1,3,0.0,AAATTTTC,,,,,3,1,0.0
AAACAACGGGAGGAG,3,1,3,0.0,CCCGTTGTTTCTCCT,,,,,3,1,0.0
AAACAATT,3,1,3,0.0,AATTGTTT,,,,,3,1,0.0
AAACAG,18,6,3,0.0,CTGTTT,6,2,3,0.0,24,8,0.0
AAACAGATG,3,1,3,0.0,ATCTGTTTC,,,,,3,1,0.0
AAACC,3,1,3,0.0,GGTTT,,,,,3,1,0.0
AAACCCAGCCCAGAC,7,1,7,0.0,CTGGGCTGGGTTTGT,,,,,7,1,0.0
AAACCGTGGCAGAAC,3,1,3,0.0,ACGGTTTGTTCTGCC,,,,,3,1,0.0
AAACG,43,13,3,0.0,CGTTT,18,6,3,0.0,61,19,0.0
AAACGGATG,3,1,3,0.0,ATCCGTTTC,,,,,3,1,0.0
AAACGGGGCATGGAG,8,1,8,0.0,ATGCCCCGTTTCTCC,,,,,8,1,0.0
AAACT,6,2,3,0.0,AGTTT,6,2,3,0.0,12,4,0.0
AAACTAAC,3,1,3,0.0,AGTTTGTT,,,,,3,1,0.0
AAACTAACCT,146,28,5,0.0,AGGTTAGTTT,92,20,4,0.0,238,48,0.0
AAACTAT,34,3,11,0.0,AGTTTAT,,,,,34,3,0.0
AAACTC,6,2,3,0.0,AGTTTG,,,,,6,2,0.0
AAAGAT,3,1,3,0.0,ATCTTT,,,,,3,1,0.0
AAAGCCC,6,2,3,0.0,CTTTGGG,,,,,6,2,0.0
AAAGCG,3,1,3,0.0,CGCTTT,,,,,3,1,0.0
AAAGCGACAGTGGGG,26,5,5,0.0,ACTGTCGCTTTCCCC,,,,,26,5,0.0
AAAGCGGAT,25,4,6,0.0,ATCCGCTTT,,,,,25,4,0.0
AAAGGG,9,3,3,0.0,CCCTTT,3,1,3,0.0,12,4,0.0
AAAGGGAATGAGGGT,3,1,3,0.0,ACCCTCATTCCCTTT,,,,,3,1,0.0
AAAGGGACG,9,3,3,0.0,CCCTTTCGT,,,,,9,3,0.0
AAAGGGAGCAAGGGT,3,1,3,0.0,ACCCTTGCTCCCTTT,,,,,3,1,0.0
AAAGGGCAAGAGGGT,21,7,3,0.0,ACCCTCTTGCCCTTT,,,,,21,7,0.0
AAAGGGCAGGAGGGT,18,6,3,0.0,ACCCTCCTGCCCTTT,,,,,18,6,0.0
AAAGGGCATGAGGCT,84,28,3,0.0,AGCCTCATGCCCTTT,24,8,3,0.0,108,36,0.0
AAAGGGCATGAGGGG,3,1,3,0.0,ATGCCCTTTCCCCTC,,,,,3,1,0.0
AAAGGGCATGAGGTT,3,1,3,0.0,AACCTCATGCCCTTT,,,,,3,1,0.0
AAAGGGCCTGAGGGT,3,1,3,0.0,ACCCTCAGGCCCTTT,,,,,3,1,0.0
AAAGGGT,6,2,3,0.0,ACCCTTT,3,1,3,0.0,9,3,0.0
AAAGGGTAAAGTGTG,3,1,3,0.0,ACACTTTACCCTTTC,,,,,3,1,0.0
AAAGGGTGCACGGGT,6,2,3,0.0,ACCCGTGCACCCTTT,,,,,6,2,0.0
AAAGT,18,6,3,0.0,ACTTT,3,1,3,0.0,21,7,0.0
AAAGTCTTG,3,1,3,0.0,AAGACTTTC,3,1,3,0.0,6,2,0.0
AAAGTG,3,1,3,0.0,ACTTTC,,,,,3,1,0.0
AAATAATCC,6,1,6,0.0,ATTATTTGG,,,,,6,1,0.0
AAATACAAT,8,1,8,0.0,ATTGTATTT,,,,,8,1,0.0
AAATACGATAC,26,5,5,0.0,ATCGTATTTGT,,,,,26,5,0.0
AAATAG,6,2,3,0.0,ATTTCT,3,1,3,0.0,9,3,0.0
AAATATTC,3,1,3,0.0,AATATTTG,,,,,3,1,0.0
AAATC,6,2,3,0.0,ATTTG,3,1,3,0.0,9,3,0.0
AAATCAATG,11,1,11,0.0,ATTGATTTC,,,,,11,1,0.0
AAATG,12,4,3,0.0,ATTTC,9,3,3,0.0,21,7,0.0
AAATGCAAC,18,2,9,0.0,ATTTGTTGC,13,1,13,0.0,31,3,0.0
AAATGGT,6,2,3,0.0,ACCATTT,,,,,6,2,0.0
AAATGT,3,1,3,0.0,ACATTT,,,,,3,1,0.0
AAATT,56,16,3,0.0,AATTT,33,10,3,0.0,89,26,0.0
AAATTC,6,2,3,0.0,AATTTG,5,1,5,0.0,11,3,0.0
AAATTTAG,4,1,4,0.0,AAATTTCT,,,,,4,1,0.0
AAATTTG,3,1,3,0.0,AAATTTC,,,,,3,1,0.0
AACAAG,3,1,3,0.0,CTTGTT,,,,,3,1,0.0
AACAC,12,4,3,0.0,GTGTT,6,2,3,0.0,18,6,0.0
AACACAC,22,6,3,0.0,GTGTGTT,10,3,3,0.0,32,9,0.0
AACACC,29,5,5,0.0,GGTGTT,6,2,3,0.0,35,7,0.0
AACACCACCATTGCC,4,1,4,0.0,AATGGTGGTGTTGGC,,,,,4,1,0.0
AACAG,3,1,3,0.0,CTGTT,,,,,3,1,0.0
AACAGC,14,4,3,0.0,CTGTTG,6,2,3,0.0,20,6,0.0
AACAGCAGC,6,2,3,0.0,CTGCTGTTG,3,1,3,0.0,9,3,0.0
AACAGT,6,2,3,0.0,ACTGTT,,,,,6,2,0.0
AACAT,6,2,3,0.0,ATGTT,,,,,6,2,0.0
AACATCGCAAGCCCC,9,2,4,0.0,ATGTTGGGGCTTGCG,6,1,6,0.0,15,3,0.0
AACCAC,8,2,4,0.0,GGTTGT,,,,,8,2,0.0
AACCC,6,2,3,0.0,GGGTT,6,2,3,0.0,12,4,0.0
AACCCAC,3,1,3,0.0,GGGTTGT,,,,,3,1,0.0
AACCCCGACCCACAT,3,1,3,0.0,ATGTGGGTCGGGGTT,,,,,3,1,0.0
AACCCCGAGG,3,1,3,0.0,CCTCGGGGTT,,,,,3,1,0.0
AACCCT,31,5,6,0.0,AGGGTT,11,2,5,0.0,42,7,0.0
AACCCTCATGCCCTT,3,1,3,0.0,AAGGGCATGAGGGTT,,,,,3,1,0.0
AACCG,6,2,3,0.0,CGGTT,4,1,4,0.0,10,3,0.0
AACCGG,6,2,3,0.0,CCGGTT,,,,,6,2,0.0
AACCGGTCGC,6,2,3,0.0,ACCGGTTGCG,,,,,6,2,0.0
AACCTCTC,3,1,3,0.0,AGAGGTTG,,,,,3,1,0.0
AACG,135,41,3,0.0,CGTT,84,27,3,0.0,219,68,0.0
AACGAC,84,10,8,0.0,CGTTGT,51,5,10,0.0,135,15,0.0
AACGAG,3,1,3,0.0,CGTTCT,3,1,3,0.0,6,2,0.0
AACGATAT,3,1,3,0.0,ATATCGTT,,,,,3,1,0.0
AACGATTGT,8,2,4,0.0,AATCGTTAC,,,,,8,2,0.0
AACGGGT,3,1,3,0.0,ACCCGTT,,,,,3,1,0.0
AACGT,7,2,3,0.0,ACGTT,6,2,3,0.0,13,4,0.0
AACGTACG,3,1,3,0.0,ACGTTCGT,,,,,3,1,0.0
AACGTG,7,2,3,0.0,ACGTTC,,,,,7,2,0.0
AACT,44,14,3,0.0,AGTT,36,11,3,0.0,80,25,0.0
AACTACCCGATGCCC,15,4,3,0.0,AGTTGGGCATCGGGT,9,2,4,0.0,24,6,0.0
AACTC,9,3,3,0.0,AGTTG,,,,,9,3,0.0
AACTT,6,2,3,0.0,AAGTT,,,,,6,2,0.0
AACTTT,27,9,3,0.0,AAAGTT,15,5,3,0.0,42,14,0.0
AACTTTC,4,1,4,0.0,AAAGTTG,,,,,4,1,0.0
AAGAAGT,6,2,3,0.0,ACTTCTT,,,,,6,2,0.0
AAGAATCT,3,1,3,0.0,AGATTCTT,,,,,3,1,0.0
AAGACGACCCACCAC,6,1,6,0.0,CGTCTTGTGGTGGGT,,,,,6,1,0.0
AAGAGGAGG,12,3,4,0.0,CCTCCTCTT,10,2,5,0.0,22,5,0.0
AAGAGGGT,20,5,4,0.0,ACCCTCTT,,,,,20,5,0.0
AAGAGGGTAAGGGGC,3,1,3,0.0,ACCCTCTTGCCCCTT,,,,,3,1,0.0
AAGATACAGATCGG,6,2,3,0.0,ATCTGTATCTTCCG,,,,,6,2,0.0
AAGATG,3,1,3,0.0,ATCTTC,,,,,3,1,0.0
AAGC,55,17,3,0.0,CTTG,35,10,3,0.0,90,27,0.0
AAGCAAGCGAGC,6,1,6,0.0,CGCTTGCTTGCT,,,,,6,1,0.0
AAGCAAGG,3,1,3,0.0,CCTTGCTT,,,,,3,1,0.0
AAGCACCACAAGGAC,3,1,3,0.0,CCTTGTGGTGCTTGT,3,1,3,0.0,6,2,0.0
AAGCAG,3,1,3,0.0,CTGCTT,,,,,3,1,0.0
AAGCAGGAG,3,1,3,0.0,CCTGCTTCT,,,,,3,1,0.0
AAGCC,6,2,3,0.0,CTTGG,6,2,3,0.0,12,4,0.0
AAGCG,9,3,3,0.0,CGCTT,,,,,9,3,0.0
AAGCGTTT,6,2,3,0.0,AAACGCTT,,,,,6,2,0.0
AAGCT,27,9,3,0.0,AGCTT,24,8,3,0.0,51,17,0.0
AAGCTCG,6,2,3,0.0,AGCTTCG,,,,,6,2,0.0
AAGCTTC,3,1,3,0.0,AAGCTTG,,,,,3,1,0.0
AAGGAATGG,3,1,3,0.0,ATTCCTTCC,,,,,3,1,0.0
AAGGAGAG,3,1,3,0.0,CCTTCTCT,,,,,3,1,0.0
AAGGAGGGAGGCACG,9,3,3,0.0,CCCTCCTTCGTGCCT,,,,,9,3,0.0
AAGGCAGG,3,1,3,0.0,CCTGCCTT,,,,,3,1,0.0
AAGGCG,11,3,3,0.0,CCTTCG,9,3,3,0.0,20,6,0.0
AAGGCGATGAGTGGG,5,1,5,0.0,ACTCATCGCCTTCCC,,,,,5,1,0.0
AAGGG,11,2,5,0.0,CCCTT,8,2,4,0.0,19,4,0.0
AAGGGAC,6,2,3,0.0,CCCTTGT,,,,,6,2,0.0
AAGGGCAGC,9,3,3,0.0,CCCTTGCTG,,,,,9,3,0.0
AAGGGCATGAGGGT,3,1,3,0.0,ACCCTCATGCCCTT,,,,,3,1,0.0
AAGGGCATGATGGTG,12,4,3,0.0,ACCATCATGCCCTTC,,,,,12,4,0.0
AAGGGGCAGGGGGGT,3,1,3,0.0,ACCCCCCTGCCCCTT,,,,,3,1,0.0
AAGGGGCATGAGGGT,3,1,3,0.0,ACCCTCATGCCCCTT,3,1,3,0.0,6,2,0.0
AAGGGTAT,16,5,3,0.0,ACCCTTAT,5,1,5,0.0,21,6,0.0
AAGGGTGAAGGGTGT,67,17,3,0.0,ACACCCTTCACCCTT,17,4,4,0.0,84,21,0.0
AAGGGTGT,27,9,3,0.0,ACACCCTT,3,1,3,0.0,30,10,0.0
AAGGTGGTAGGGCAG,13,2,6,0.0,ACCACCTTCTGCCCT,4,1,4,0.0,17,3,0.0
AAGGTT,6,2,3,0.0,AACCTT,3,1,3,0.0,9,3,0.0
AAGT,61,17,3,0.0,ACTT,29,9,3,0.0,90,26,0.0
AAGTAG,12,2,6,0.0,ACTTCT,5,1,5,0.0,17,3,0.0
AAGTCAATG,3,1,3,0.0,ACTTCATTG,,,,,3,1,0.0
AAGTCC,3,1,3,0.0,ACTTGG,,,,,3,1,0.0
AAGTCCCACGCCCCC,4,1,4,0.0,ACTTGGGGGCGTGGG,,,,,4,1,0.0
AAGTCG,6,2,3,0.0,ACTTCG,,,,,6,2,0.0
AAGTGCGAC,4,1,4,0.0,ACTTGTCGC,,,,,4,1,0.0
AAGTGCGGC,3,1,3,0.0,ACTTGCCGC,,,,,3,1,0.0
AAGTTCG,15,4,3,0.0,AACTTCG,,,,,15,4,0.0
AATAATTTCG,3,1,3,0.0,AAATTATTCG,,,,,3,1,0.0
AATAC,28,9,3,0.0,ATTGT,27,9,3,0.0,55,18,0.0
AATAGT,39,2,19,0.0,ACTATT,,,,,39,2,0.0
AATAGTTGCAT,3,1,3,0.0,AACTATTATGC,,,,,3,1,0.0
AATATAC,3,1,3,0.0,ATATTGT,,,,,3,1,0.0
AATATAGG,4,1,4,0.0,ATATTCCT,,,,,4,1,0.0
AATATAT,9,2,4,0.0,ATATATT,,,,,9,2,0.0
AATATC,3,1,3,0.0,ATATTG,,,,,3,1,0.0
AATATCGCGCGGGGG,15,5,3,0.0,ATATTCCCCCGCGCG,9,3,3,0.0,24,8,0.0
AATATTATACAT,3,1,3,0.0,AATATTATGTAT,,,,,3,1,0.0
AATATTCCCCCGCGC,6,2,3,0.0,AATATTGCGCGGGGG,,,,,6,2,0.0
AATATTCT,3,1,3,0.0,AATATTAG,,,,,3,1,0.0
AATATTT,3,1,3,0.0,AAATATT,,,,,3,1,0.0
AATC,56,17,3,0.0,ATTG,40,13,3,0.0,96,30,0.0
AATCAT,9,3,3,0.0,ATGATT,3,1,3,0.0,12,4,0.0
AATCC,6,2,3,0.0,ATTGG,3,1,3,0.0,9,3,0.0
AATCCGCCGCCG,3,1,3,0.0,ATTCGGCGGCGG,,,,,3,1,0.0
AATCG,28,8,3,0.0,ATTCG,10,3,3,0.0,38,11,0.0
AATCTC,3,1,3,0.0,AGATTG,,,,,3,1,0.0
AATCTCTC,3,1,3,0.0,AGAGATTG,,,,,3,1,0.0
AATGAT,13,1,13,0.0,ATCATT,,,,,13,1,0.0
AATGC,6,2,3,0.0,ATTGC,,,,,6,2,0.0
AATGCCCTTTACCCT,9,3,3,0.0,AAAGGGCATTAGGGT,3,1,3,0.0,12,4,0.0
AATGGG,3,1,3,0.0,ATTCCC,,,,,3,1,0.0
AATGGGCATGAGGGT,3,1,3,0.0,ACCCTCATGCCCATT,,,,,3,1,0.0
AATTAC,16,5,3,0.0,AATTGT,3,1,3,0.0,19,6,0.0
AATTAG,3,1,3,0.0,AATTCT,,,,,3,1,0.0
AATTC,9,3,3,0.0,AATTG,3,1,3,0.0,12,4,0.0
AATTCAT,8,2,4,0.0,AATTATG,,,,,8,2,0.0
AATTTC,9,3,3,0.0,AAATTG,3,1,3,0.0,12,4,0.0
AATTTGT,3,1,3,0.0,AAATTAC,,,,,3,1,0.0
AATTTT,6,2,3,0.0,AAAATT,3,1,3,0.0,9,3,0.0
AATTTTC,3,1,3,0.0,AAAATTG,,,,,3,1,0.0
ACACACACC,3,1,3,0.0,GGTGTGTGT,,,,,3,1,0.0
ACACACAG,6,2,3,0.0,CTGTGTGT,,,,,6,2,0.0
ACACACCCACACCGC,4,1,4,0.0,CGGTGTGGGTGTGTG,,,,,4,1,0.0
ACACAG,3,1,3,0.0,CTGTGT,,,,,3,1,0.0
ACACATCC,5,1,5,0.0,ATGTGTGG,4,1,4,0.0,9,2,0.0
ACACC,4,1,4,0.0,GGTGT,,,,,4,1,0.0
ACACCAGCCTCTACC,4,1,4,0.0,AGAGGCTGGTGTGGT,,,,,4,1,0.0
ACACCCACTCCTTGC,3,1,3,0.0,AAGGAGTGGGTGTGC,,,,,3,1,0.0
ACACCCTCACCC,3,1,3,0.0,AGGGTGTGGGTG,,,,,3,1,0.0
ACACCG,3,1,3,0.0,CGGTGT,3,1,3,0.0,6,2,0.0
ACACG,3,1,3,0.0,CGTGT,3,1,3,0.0,6,2,0.0
ACACGC,6,1,6,0.0,CGTGTG,,,,,6,1,0.0
ACACGCG,6,2,3,0.0,CGCGTGT,,,,,6,2,0.0
ACACGG,3,1,3,0.0,CCGTGT,3,1,3,0.0,6,2,0.0
ACACGGC,3,1,3,0.0,CCGTGTG,,,,,3,1,0.0
ACACGGGT,3,1,3,0.0,ACCCGTGT,,,,,3,1,0.0
ACAGGG,139,16,8,0.0,CCCTGT,51,6,8,0.0,190,22,0.0
ACAGGTG,13,3,4,0.0,ACCTGTC,11,3,3,0.0,24,6,0.0
ACAGT,3,1,3,0.0,ACTGT,3,1,3,0.0,6,2,0.0
ACAGTG,6,2,3,0.0,ACTGTC,4,1,4,0.0,10,3,0.0
ACATAT,12,4,3,0.0,ATATGT,8,2,4,0.0,20,6,0.0
ACATCCAT,44,6,7,0.0,ATGGATGT,,,,,44,6,0.0
ACATCCGT,4,1,4,0.0,ACGGATGT,,,,,4,1,0.0
ACATCGC,6,2,3,0.0,ATGTGCG,,,,,6,2,0.0
ACATGCCCTTTACCC,30,10,3,0.0,AAAGGGCATGTGGGT,12,4,3,0.0,42,14,0.0
ACATGGTGGTGG,3,1,3,0.0,ACCACCATGTCC,3,1,3,0.0,6,2,0.0
ACATT,9,3,3,0.0,AATGT,,,,,9,3,0.0
ACCAG,10,2,5,0.0,CTGGT,,,,,10,2,0.0
ACCAGACGCCTACCC,5,1,5,0.0,AGGCGTCTGGTGGGT,,,,,5,1,0.0
ACCAGGAGT,4,1,4,0.0,ACTCCTGGT,,,,,4,1,0.0
ACCAGGCGCCGAGCC,4,1,4,0.0,CCTGGTGGCTCGGCG,,,,,4,1,0.0
ACCATC,3,1,3,0.0,ATGGTG,3,1,3,0.0,6,2,0.0
ACCCGGC,3,1,3,0.0,CCGGGTG,,,,,3,1,0.0
ACCCTAGCACCCTTT,3,1,3,0.0,AAAGGGTGCTAGGGT,,,,,3,1,0.0
ACCCTC,6,2,3,0.0,AGGGTG,,,,,6,2,0.0
ACCCTCATGCCCGTT,3,1,3,0.0,AACGGGCATGAGGGT,,,,,3,1,0.0
ACCCTGATGCCCTTT,3,1,3,0.0,AAAGGGCATCAGGGT,,,,,3,1,0.0
ACCCTGTC,13,4,3,0.0,ACAGGGTG,,,,,13,4,0.0
ACCGAG,8,1,8,0.0,CGGTCT,,,,,8,1,0.0
ACCGC,21,6,3,0.0,CGGTG,9,3,3,0.0,30,9,0.0
ACCGCC,16,5,3,0.0,CGGTGG,3,1,3,0.0,19,6,0.0
ACCGGACG,5,1,5,0.0,CCGGTCGT,,,,,5,1,0.0
ACCGGC,6,2,3,0.0,CCGGTG,3,1,3,0.0,9,3,0.0
ACCGTG,3,1,3,0.0,ACGGTC,,,,,3,1,0.0
ACCGTTTGCG,16,4,4,0.0,AAACGGTCGC,4,1,4,0.0,20,5,0.0
ACCT,130,40,3,0.0,AGGT,109,34,3,0.0,239,74,0.0
ACCTCC,6,2,3,0.0,AGGTGG,,,,,6,2,0.0
ACCTCTC,3,1,3,0.0,AGAGGTG,,,,,3,1,0.0
ACCTT,4,1,4,0.0,AAGGT,3,1,3,0.0,7,2,0.0
ACGACGGCT,3,1,3,0.0,AGCCGTCGT,,,,,3,1,0.0
ACGAGC,23,5,4,0.0,CGTGCT,9,2,4,0.0,32,7,0.0
ACGAGG,18,6,3,0.0,CCTCGT,11,3,3,0.0,29,9,0.0
ACGATG,6,2,3,0.0,ATCGTC,6,2,3,0.0,12,4,0.0
ACGATT,4,1,4,0.0,AATCGT,,,,,4,1,0.0
ACGCC,13,4,3,0.0,CGTGG,10,3,3,0.0,23,7,0.0
ACGCCG,10,3,3,0.0,CGGCGT,9,3,3,0.0,19,6,0.0
ACGCCGATTCCCAGC,4,1,4,0.0,AATCGGCGTGCTGGG,,,,,4,1,0.0
ACGCTCTTCCTTCCG,5,1,5,0.0,AAGAGCGTCGGAAGG,,,,,5,1,0.0
ACGCTT,3,1,3,0.0,AAGCGT,,,,,3,1,0.0
ACGG,54,17,3,0.0,CCGT,26,8,3,0.0,80,25,0.0
ACGGAGAGAG,3,1,3,0.0,CCGTCTCTCT,,,,,3,1,0.0
ACGGAGGT,3,1,3,0.0,ACCTCCGT,,,,,3,1,0.0
ACGGCG,25,7,3,0.0,CCGTCG,6,2,3,0.0,31,9,0.0
ACGGT,18,6,3,0.0,ACCGT,,,,,18,6,0.0
ACGGTG,6,2,3,0.0,ACCGTC,3,1,3,0.0,9,3,0.0
ACGTC,9,3,3,0.0,ACGTG,,,,,9,3,0.0
ACGTCC,3,1,3,0.0,ACGTGG,,,,,3,1,0.0
ACGTCCT,3,1,3,0.0,ACGTAGG,,,,,3,1,0.0
ACGTGT,3,1,3,0.0,ACACGT,,,,,3,1,0.0
ACGTTG,4,1,4,0.0,AACGTC,3,1,3,0.0,7,2,0.0
ACGTTGGCGTTG,3,1,3,0.0,AACGCCAACGTC,,,,,3,1,0.0
ACTAG,3,1,3,0.0,AGTCT,,,,,3,1,0.0
ACTAT,6,2,3,0.0,AGTAT,,,,,6,2,0.0
ACTATGC,3,1,3,0.0,AGTGCAT,,,,,3,1,0.0
ACTCC,8,1,8,0.0,AGTGG,6,2,3,0.0,14,3,0.0
ACTCGC,3,1,3,0.0,AGTGCG,,,,,3,1,0.0
ACTCGTTC,3,1,3,0.0,AACGAGTG,,,,,3,1,0.0
ACTCTCT,3,1,3,0.0,AGAGAGT,,,,,3,1,0.0
ACTGCC,3,1,3,0.0,AGTGGC,,,,,3,1,0.0
ACTGCTC,4,1,4,0.0,AGCAGTG,,,,,4,1,0.0
ACTGTTTATTCCCC,3,1,3,0.0,AAACAGTGGGGAAT,,,,,3,1,0.0
ACTTC,21,1,21,0.0,AAGTG,,,,,21,1,0.0
ACTTTTGT,4,1,4,0.0,AAAAGTAC,,,,,4,1,0.0
AGAGAGAGGT,3,1,3,0.0,ACCTCTCTCT,,,,,3,1,0.0
AGAGAT,6,2,3,0.0,ATCTCT,3,1,3,0.0,9,3,0.0
AGAGC,113,12,9,0.0,CTCTG,77,8,9,0.0,190,20,0.0
AGAGCAGTGC,3,1,3,0.0,ACTGCTCTGC,,,,,3,1,0.0
AGAGCCAGC,6,2,3,0.0,CTCTGCTGG,,,,,6,2,0.0
AGAGG,48,16,3,0.0,CCTCT,24,8,3,0.0,72,24,0.0
AGAGGCT,3,1,3,0.0,AGCCTCT,,,,,3,1,0.0
AGAGT,3,1,3,0.0,ACTCT,,,,,3,1,0.0
AGAGTG,26,7,3,0.0,ACTCTC,,,,,26,7,0.0
AGAGTTG,3,1,3,0.0,AACTCTC,,,,,3,1,0.0
AGATC,9,3,3,0.0,ATCTG,6,2,3,0.0,15,5,0.0
AGATGAGCTTGTGGG,3,1,3,0.0,AAGCTCATCTCCCAC,,,,,3,1,0.0
AGATT,11,3,3,0.0,AATCT,6,2,3,0.0,17,5,0.0
AGATTCT,3,1,3,0.0,AATCTAG,,,,,3,1,0.0
AGCC,120,38,3,0.0,CTGG,60,20,3,0.0,180,58,0.0
AGCCAGCTC,3,1,3,0.0,AGCTGGCTG,,,,,3,1,0.0
AGCCGT,3,1,3,0.0,ACGGCT,,,,,3,1,0.0
AGCCTC,3,1,3,0.0,AGGCTG,,,,,3,1,0.0
AGCGGC,7,2,3,0.0,CCGCTG,6,2,3,0.0,13,4,0.0
AGCGTG,12,4,3,0.0,ACGCTC,,,,,12,4,0.0
AGGAGGGT,10,2,5,0.0,ACCCTCCT,,,,,10,2,0.0
AGGATG,24,8,3,0.0,ATCCTC,21,7,3,0.0,45,15,0.0
AGGCATC,3,1,3,0.0,ATGCCTG,,,,,3,1,0.0
AGGCGG,3,1,3,0.0,CCGCCT,,,,,3,1,0.0
AGGCGGTGGTGGTGG,6,2,3,0.0,ACCACCACCGCCTCC,,,,,6,2,0.0
AGGGATG,15,5,3,0.0,ATCCCTC,,,,,15,5,0.0
AGGGATGTGAGGGTT,3,1,3,0.0,AACCCTCACATCCCT,,,,,3,1,0.0
AGGGG,42,13,3,0.0,CCCCT,3,1,3,0.0,45,14,0.0
AGGGGCTTGTGGGTG,4,1,4,0.0,AAGCCCCTCACCCAC,,,,,4,1,0.0
AGGGGG,12,4,3,0.0,CCCCCT,,,,,12,4,0.0
AGGGGGG,3,1,3,0.0,CCCCCCT,,,,,3,1,0.0
AGGGGGGGGG,3,1,3,0.0,CCCCCCCCCT,,,,,3,1,0.0
AGGGGGT,3,1,3,0.0,ACCCCCT,,,,,3,1,0.0
AGGGGTGT,7,1,7,0.0,ACACCCCT,,,,,7,1,0.0
AGGGT,12,1,12,0.0,ACCCT,11,1,11,0.0,23,2,0.0
AGGGTTT,72,6,12,0.0,AAACCCT,68,7,9,0.0,140,13,0.0
AGGTAGTAGTGGTGG,3,1,3,0.0,ACCACTACTACCTCC,,,,,3,1,0.0
AGGTAT,3,1,3,0.0,ACCTAT,,,,,3,1,0.0
AGGTCG,3,1,3,0.0,ACCTCG,,,,,3,1,0.0
AGGTG,7,2,3,0.0,ACCTC,3,1,3,0.0,10,3,0.0
AGGTTAT,3,1,3,0.0,AACCTAT,,,,,3,1,0.0
AGGTTGC,3,1,3,0.0,AACCTGC,,,,,3,1,0.0
AGGTTGG,3,1,3,0.0,AACCTCC,,,,,3,1,0.0
AGGTTT,6,2,3,0.0,AAACCT,,,,,6,2,0.0
AGTAGTGGTGGATGG,3,1,3,0.0,ACCACTACTCCATCC,,,,,3,1,0.0
AGTATG,3,1,3,0.0,ACTCAT,,,,,3,1,0.0
AGTC,160,51,3,0.0,ACTG,70,21,3,0.0,230,72,0.0
AGTCCC,3,1,3,0.0,ACTGGG,,,,,3,1,0.0
AGTCCT,3,1,3,0.0,ACTAGG,,,,,3,1,0.0
AGTCG,42,6,7,0.0,ACTCG,24,7,3,0.0,66,13,0.0
AGTCGG,31,10,3,0.0,ACTCCG,21,7,3,0.0,52,17,0.0
AGTGC,9,3,3,0.0,ACTGC,3,1,3,0.0,12,4,0.0
AGTGCCG,3,1,3,0.0,ACTCGGC,,,,,3,1,0.0
AGTGT,21,3,7,0.0,ACACT,12,2,6,0.0,33,5,0.0
AGTGTG,6,2,3,0.0,ACACTC,3,1,3,0.0,9,3,0.0
AGTTC,3,1,3,0.0,AACTG,,,,,3,1,0.0
AGTTCG,6,2,3,0.0,AACTCG,,,,,6,2,0.0
AGTTGG,10,2,5,0.0,AACTCC,5,1,5,0.0,15,3,0.0
AGTTTCG,14,2,7,0.0,AAACTCG,,,,,14,2,0.0
AGTTTCTG,3,1,3,0.0,AAACTCAG,,,,,3,1,0.0
AGTTTT,6,2,3,0.0,AAAACT,,,,,6,2,0.0
ATATATTTCT,5,1,5,0.0,AAATATATAG,,,,,5,1,0.0
ATATC,12,4,3,0.0,ATATG,,,,,12,4,0.0
ATATCT,3,1,3,0.0,AGATAT,,,,,3,1,0.0
ATATT,45,14,3,0.0,AATAT,42,13,3,0.0,87,27,0.0
ATATTTCT,7,2,3,0.0,AAATATAG,,,,,7,2,0.0
ATCCCC,16,4,4,0.0,ATGGGG,,,,,16,4,0.0
ATCCCCCC,6,2,3,0.0,ATGGGGGG,3,1,3,0.0,9,3,0.0
ATCCGTGATGCCTGC,3,1,3,0.0,ACGGATGCAGGCATC,,,,,3,1,0.0
ATCCT,3,1,3,0.0,AGGAT,,,,,3,1,0.0
ATCCTG,4,1,4,0.0,AGGATC,,,,,4,1,0.0
ATCCTT,6,2,3,0.0,AAGGAT,3,1,3,0.0,9,3,0.0
ATCCTTG,3,1,3,0.0,AAGGATC,,,,,3,1,0.0
ATCGC,10,2,5,0.0,ATGCG,7,1,7,0.0,17,3,0.0
ATCGCC,37,5,7,0.0,ATGGCG,12,2,6,0.0,49,7,0.0
ATCGCCC,3,1,3,0.0,ATGGGCG,,,,,3,1,0.0
ATCGCGG,4,1,4,0.0,ATCCGCG,,,,,4,1,0.0
ATCGG,6,2,3,0.0,ATCCG,,,,,6,2,0.0
ATCGGCG,3,1,3,0.0,ATCGCCG,,,,,3,1,0.0
ATCGGTGC,3,1,3,0.0,ACCGATGC,,,,,3,1,0.0
ATCGT,19,5,3,0.0,ACGAT,,,,,19,5,0.0
ATCT,184,47,3,0.0,AGAT,66,20,3,0.0,250,67,0.0
ATGCT,17,5,3,0.0,AGCAT,15,5,3,0.0,32,10,0.0
ATGCTG,9,3,3,0.0,AGCATC,3,1,3,0.0,12,4,0.0
ATGCTT,7,2,3,0.0,AAGCAT,4,1,4,0.0,11,3,0.0
ATGGCT,3,1,3,0.0,AGCCAT,,,,,3,1,0.0
ATGGG,38,11,3,0.0,ATCCC,7,2,3,0.0,45,13,0.0
ATGGGC,3,1,3,0.0,ATGCCC,,,,,3,1,0.0
ATGGGTG,3,1,3,0.0,ACCCATC,,,,,3,1,0.0
ATGGT,3,1,3,0.0,ACCAT,,,,,3,1,0.0
ATTCATTCGT,3,1,3,0.0,AATACGAATG,,,,,3,1,0.0
ATTCC,19,3,6,0.0,AATGG,12,3,4,0.0,31,6,0.0
ATTCCCT,3,1,3,0.0,AATAGGG,,,,,3,1,0.0
ATTCCTCCGCCG,5,1,5,0.0,AATCGGCGGAGG,,,,,5,1,0.0
ATTCGCCGCGC,35,7,5,0.0,AATGCGCGGCG,24,5,4,0.0,59,12,0.0
ATTCGT,3,1,3,0.0,AATACG,,,,,3,1,0.0
ATTCT,20,6,3,0.0,AATAG,3,1,3,0.0,23,7,0.0
ATTCTG,6,2,3,0.0,AATCAG,,,,,6,2,0.0
ATTCTT,6,2,3,0.0,AAGAAT,,,,,6,2,0.0
ATTCTTCG,3,1,3,0.0,AAGAATCG,,,,,3,1,0.0
ATTCTTTCG,3,1,3,0.0,AAAGAATCG,,,,,3,1,0.0
ATTGCATTT,50,5,10,0.0,AAATGCAAT,11,1,11,0.0,61,6,0.0
ATTGCG,5,1,5,0.0,AATCGC,,,,,5,1,0.0
ATTGTC,27,2,13,0.0,AATGAC,3,1,3,0.0,30,3,0.0
ATTGTT,47,8,5,0.0,AACAAT,32,6,5,0.0,79,14,0.0
ATTTATTTC,12,1,12,0.0,AAATAAATG,,,,,12,1,0.0
ATTTCC,9,3,3,0.0,AAATGG,6,2,3,0.0,15,5,0.0
ATTTCCC,3,1,3,0.0,AAATGGG,,,,,3,1,0.0
ATTTCTC,6,2,3,0.0,AAATGAG,,,,,6,2,0.0
ATTTGC,3,1,3,0.0,AAATGC,,,,,3,1,0.0
ATTTGTTGGTGG,3,1,3,0.0,AAATCCACCAAC,,,,,3,1,0.0
ATTTTC,10,2,5,0.0,AAAATG,3,1,3,0.0,13,3,0.0
ATTTTCC,6,1,6,0.0,AAAATGG,,,,,6,1,0.0
ATTTTCT,3,1,3,0.0,AAAATAG,,,,,3,1,0.0
ATTTTT,21,7,3,0.0,AAAAAT,9,3,3,0.0,30,10,0.0
CCCCCGT,3,1,3,0.0,ACGGGGG,,,,,3,1,0.0
CCCCGCTCT,3,1,3,0.0,AGAGCGGGG,,,,,3,1,0.0
CCCCTG,3,1,3,0.0,AGGGGC,,,,,3,1,0.0
CCCCTTG,3,1,3,0.0,AAGGGGC,,,,,3,1,0.0
CCCGCT,3,1,3,0.0,AGCGGG,,,,,3,1,0.0
CCCGG,12,4,3,0.0,CCGGG,3,1,3,0.0,15,5,0.0
CCCGGCG,3,1,3,0.0,CCGGGCG,,,,,3,1,0.0
CCCGT,12,4,3,0.0,ACGGG,6,2,3,0.0,18,6,0.0
CCCGTT,12,4,3,0.0,AACGGG,3,1,3,0.0,15,5,0.0
CCCGTTCCT,3,1,3,0.0,AACGGGAGG,,,,,3,1,0.0
CCCTCG,16,4,4,0.0,AGGGCG,9,3,3,0.0,25,7,0.0
CCCTTCTCT,6,2,3,0.0,AAGGGAGAG,,,,,6,2,0.0
CCGCG,79,26,3,0.0,CGCGG,73,23,3,0.0,152,49,0.0
CCGCT,6,2,3,0.0,AGCGG,3,1,3,0.0,9,3,0.0
CCGCTCG,3,1,3,0.0,AGCGGCG,,,,,3,1,0.0
CCGGGG,6,2,3,0.0,CCCCGG,3,1,3,0.0,9,3,0.0
CCGTCCT,3,1,3,0.0,ACGGAGG,,,,,3,1,0.0
CCGTCTGT,5,1,5,0.0,ACAGACGG,,,,,5,1,0.0
CCGTG,25,7,3,0.0,ACGGC,10,3,3,0.0,35,10,0.0
CCGTGCG,3,1,3,0.0,ACGGCGC,,,,,3,1,0.0
CCGTGCT,3,1,3,0.0,ACGGAGC,,,,,3,1,0.0
CCGTGG,3,1,3,0.0,ACGGCC,,,,,3,1,0.0
CCGTT,28,7,4,0.0,AACGG,14,4,3,0.0,42,11,0.0
CCGTTG,4,1,4,0.0,AACGGC,3,1,3,0.0,7,2,0.0
CCTCCTGCT,3,1,3,0.0,AGCAGGAGG,,,,,3,1,0.0
CCTCG,57,17,3,0.0,AGGCG,27,7,3,0.0,84,24,0.0
CCTCTG,15,2,7,0.0,AGAGGC,5,1,5,0.0,20,3,0.0
CCTCTT,25,7,3,0.0,AAGAGG,13,4,3,0.0,38,11,0.0
CCTGCT,3,1,3,0.0,AGCAGG,,,,,3,1,0.0
CCTGG,5,1,5,0.0,AGGCC,,,,,5,1,0.0
CCTTCT,12,4,3,0.0,AAGGAG,6,2,3,0.0,18,6,0.0
CCTTG,8,1,8,0.0,AAGGC,3,1,3,0.0,11,2,0.0
CCTTT,29,9,3,0.0,AAAGG,12,4,3,0.0,41,13,0.0
CGCGT,87,28,3,0.0,ACGCG,56,18,3,0.0,143,46,0.0
CGCGTT,6,2,3,0.0,AACGCG,3,1,3,0.0,9,3,0.0
CGCTCT,7,2,3,0.0,AGAGCG,3,1,3,0.0,10,3,0.0
CGGCT,90,26,3,0.0,AGCCG,76,24,3,0.0,166,50,0.0
CGGCTG,9,2,4,0.0,AGCCGC,8,2,4,0.0,17,4,0.0
CGGGCGT,4,1,4,0.0,ACGCCCG,,,,,4,1,0.0
CGGGG,46,15,3,0.0,CCCCG,6,2,3,0.0,52,17,0.0
CGGGGG,30,10,3,0.0,CCCCCG,12,4,3,0.0,42,14,0.0
CGGGGGG,18,6,3,0.0,CCCCCCG,,,,,18,6,0.0
CGGGGGGG,6,2,3,0.0,CCCCCCCG,4,1,4,0.0,10,3,0.0
CGGGGGGGG,3,1,3,0.0,CCCCCCCCG,,,,,3,1,0.0
CGGGGGGGGGG,3,1,3,0.0,CCCCCCCCCCG,,,,,3,1,0.0
CGGGGT,3,1,3,0.0,ACCCCG,,,,,3,1,0.0
CGGGT,12,4,3,0.0,ACCCG,3,1,3,0.0,15,5,0.0
CGGGTG,6,1,6,0.0,ACCCGC,,,,,6,1,0.0
CGGT,96,29,3,0.0,ACCG,74,23,3,0.0,170,52,0.0
CGGTTCT,3,1,3,0.0,AACCGAG,,,,,3,1,0.0
CGTCT,18,6,3,0.0,ACGAG,13,4,3,0.0,31,10,0.0
CGTCTT,14,3,4,0.0,AAGACG,10,2,5,0.0,24,5,0.0
CGTGGCT,3,1,3,0.0,ACGAGCC,,,,,3,1,0.0
CGTGTGG,6,1,6,0.0,ACACGCC,3,1,3,0.0,9,2,0.0
CGTGTTGCT,3,1,3,0.0,AACACGAGC,,,,,3,1,0.0
CGTTG,6,2,3,0.0,AACGC,,,,,6,2,0.0
CTCTCTGT,4,1,4,0.0,ACAGAGAG,,,,,4,1,0.0
CTCTCTT,3,1,3,0.0,AAGAGAG,,,,,3,1,0.0
CTCTGGT,3,1,3,0.0,ACCAGAG,,,,,3,1,0.0
CTCTGT,6,2,3,0.0,ACAGAG,3,1,3,0.0,9,3,0.0
CTGGG,3,1,3,0.0,AGCCC,,,,,3,1,0.0
CTGGGGTTG,3,1,3,0.0,AACCCCAGC,,,,,3,1,0.0
CTGGTGTTG,33,6,5,0.0,AACACCAGC,28,5,5,0.0,61,11,0.0
CTGT,133,28,4,0.0,ACAG,97,29,3,0.0,230,57,0.0
CTGTG,6,2,3,0.0,ACAGC,,,,,6,2,0.0
CTTTT,30,10,3,0.0,AAAAG,24,8,3,0.0,54,18,0.0
CTTTTT,6,2,3,0.0,AAAAAG,3,1,3,0.0,9,3,0.0
CTTTTTTT,3,1,3,0.0,AAAAAAAG,,,,,3,1,0.0
GGGGGGGGGT,3,1,3,0.0,ACCCCCCCCC,,,,,3,1,0.0
GGGGGGGGT,3,1,3,0.0,ACCCCCCCC,,,,,3,1,0.0
GGGGGGGT,3,1,3,0.0,ACCCCCCC,,,,,3,1,0.0
GGGGGGT,15,5,3,0.0,ACCCCCC,,,,,15,5,0.0
GGGGGT,51,17,3,0.0,ACCCCC,6,2,3,0.0,57,19,0.0
GGGGT,63,21,3,0.0,ACCCC,,,,,63,21,0.0
GGTT,105,20,5,0.0,AACC,54,16,3,0.0,159,36,0.0
GTTTTTTT,3,1,3,0.0,AAAAAAAC,,,,,3,1,0.0
